Amajyaruguru,Gakenke,Busengo,Birambo,Birambo
Amajyaruguru,Gakenke,Busengo,Birambo,Gitwa
Amajyaruguru,Gakenke,Busengo,Birambo,Kirwa
Amajyaruguru,Gakenke,Busengo,Birambo,Nyarubande
Amajyaruguru,Gakenke,Busengo,Butereri,Buhuga
Amajyaruguru,Gakenke,Busengo,Butereri,Butereri
Amajyaruguru,Gakenke,Busengo,Butereri,Gasakuza
Amajyaruguru,Gakenke,Busengo,Butereri,Kirwa
Amajyaruguru,Gakenke,Busengo,Butereri,Rubaga
Amajyaruguru,Gakenke,Busengo,Butereri,Rugendabari
Amajyaruguru,Gakenke,Busengo,Butereri,Rwinkuba
Amajyaruguru,Gakenke,Busengo,Byibuhiro,Gatoke
Amajyaruguru,Gakenke,Busengo,Byibuhiro,Kamina
Amajyaruguru,Gakenke,Busengo,Byibuhiro,Karambi
Amajyaruguru,Gakenke,Busengo,Byibuhiro,Nyagasozi
Amajyaruguru,Gakenke,Busengo,Byibuhiro,Ruboza
Amajyaruguru,Gakenke,Busengo,Kamina,Bunyangezi
Amajyaruguru,Gakenke,Busengo,Kamina,Kajereri
Amajyaruguru,Gakenke,Busengo,Kamina,Kamina
Amajyaruguru,Gakenke,Busengo,Kamina,Mwendo
Amajyaruguru,Gakenke,Busengo,Kamina,Nyarubuye
Amajyaruguru,Gakenke,Busengo,Kamina,Rwankuba
Amajyaruguru,Gakenke,Busengo,Kirabo,Gasaso
Amajyaruguru,Gakenke,Busengo,Kirabo,Kirabo
Amajyaruguru,Gakenke,Busengo,Kirabo,Munyinya
Amajyaruguru,Gakenke,Busengo,Kirabo,Ngezi
Amajyaruguru,Gakenke,Busengo,Kirabo,Rusebeya
Amajyaruguru,Gakenke,Busengo,Kirabo,Wimfizi
Amajyaruguru,Gakenke,Busengo,Mwumba,Kabuga
Amajyaruguru,Gakenke,Busengo,Mwumba,Kamonyi
Amajyaruguru,Gakenke,Busengo,Mwumba,Karaba
Amajyaruguru,Gakenke,Busengo,Mwumba,Mugunga
Amajyaruguru,Gakenke,Busengo,Mwumba,Rutenga
Amajyaruguru,Gakenke,Busengo,Ruhanga,Bukinga
Amajyaruguru,Gakenke,Busengo,Ruhanga,Gashirwe
Amajyaruguru,Gakenke,Busengo,Ruhanga,Kabaya
Amajyaruguru,Gakenke,Busengo,Ruhanga,Kabugiri
Amajyaruguru,Gakenke,Busengo,Ruhanga,Rurangara
Amajyaruguru,Gakenke,Coko,Kiruku,Mucumazo
Amajyaruguru,Gakenke,Coko,Kiruku,Ntarabana
Amajyaruguru,Gakenke,Coko,Kiruku,Nyamasuka
Amajyaruguru,Gakenke,Coko,Kiruku,Rubuguma
Amajyaruguru,Gakenke,Coko,Mbirima,Akanduga
Amajyaruguru,Gakenke,Coko,Mbirima,Burengo
Amajyaruguru,Gakenke,Coko,Mbirima,Bushyama
Amajyaruguru,Gakenke,Coko,Mbirima,Matovu
Amajyaruguru,Gakenke,Coko,Mbirima,Mbogo
Amajyaruguru,Gakenke,Coko,Mbirima,Murambi
Amajyaruguru,Gakenke,Coko,Mbirima,Rwahi
Amajyaruguru,Gakenke,Coko,Mbirima,Shyunga
Amajyaruguru,Gakenke,Coko,Nyange,Buhara
Amajyaruguru,Gakenke,Coko,Nyange,Gaseke
Amajyaruguru,Gakenke,Coko,Nyange,Karambo
Amajyaruguru,Gakenke,Coko,Nyange,Karoli
Amajyaruguru,Gakenke,Coko,Nyange,Musasa
Amajyaruguru,Gakenke,Coko,Nyange,Ntobwe
Amajyaruguru,Gakenke,Coko,Nyange,Vumandi
Amajyaruguru,Gakenke,Coko,Nyanza,Baramba
Amajyaruguru,Gakenke,Coko,Nyanza,Gikamba
Amajyaruguru,Gakenke,Coko,Nyanza,Gitaba
Amajyaruguru,Gakenke,Coko,Nyanza,Kavumu
Amajyaruguru,Gakenke,Coko,Nyanza,Tumba
Amajyaruguru,Gakenke,Coko,Kiruku,Buhuri
Amajyaruguru,Gakenke,Coko,Kiruku,Bukamba
Amajyaruguru,Gakenke,Coko,Kiruku,Bushagashi
Amajyaruguru,Gakenke,Coko,Kiruku,Gatare
Amajyaruguru,Gakenke,Cyabingo,Muhaza,Buraza
Amajyaruguru,Gakenke,Cyabingo,Muhaza,Busoga
Amajyaruguru,Gakenke,Cyabingo,Muhaza,Karombero
Amajyaruguru,Gakenke,Cyabingo,Muhaza,Muhaza
Amajyaruguru,Gakenke,Cyabingo,Muhaza,Mushirarungu
Amajyaruguru,Gakenke,Cyabingo,Muhaza,Ntaraga
Amajyaruguru,Gakenke,Cyabingo,Muhaza,Rutaramiro
Amajyaruguru,Gakenke,Cyabingo,Muhororo,Butaraga
Amajyaruguru,Gakenke,Cyabingo,Muhororo,Gatoki
Amajyaruguru,Gakenke,Cyabingo,Muhororo,Gatorero
Amajyaruguru,Gakenke,Cyabingo,Muhororo,Kabungwe
Amajyaruguru,Gakenke,Cyabingo,Muhororo,Karenge
Amajyaruguru,Gakenke,Cyabingo,Muhororo,Muhororo
Amajyaruguru,Gakenke,Cyabingo,Muhororo,Musebeya
Amajyaruguru,Gakenke,Cyabingo,Muhororo,Tongoburo
Amajyaruguru,Gakenke,Cyabingo,Muramba,Bukuba
Amajyaruguru,Gakenke,Cyabingo,Muramba,Gahama
Amajyaruguru,Gakenke,Cyabingo,Muramba,Gatare
Amajyaruguru,Gakenke,Cyabingo,Muramba,Musebeya
Amajyaruguru,Gakenke,Cyabingo,Muramba,Rugaragara
Amajyaruguru,Gakenke,Cyabingo,Muramba,Rwobe
Amajyaruguru,Gakenke,Cyabingo,Mutanda,Cyabingo
Amajyaruguru,Gakenke,Cyabingo,Mutanda,Gishubi
Amajyaruguru,Gakenke,Cyabingo,Mutanda,Kambare
Amajyaruguru,Gakenke,Cyabingo,Mutanda,Kanyamukenke
Amajyaruguru,Gakenke,Cyabingo,Mutanda,Mucaca
Amajyaruguru,Gakenke,Cyabingo,Mutanda,Mutanda
Amajyaruguru,Gakenke,Cyabingo,Rukore,Kigote
Amajyaruguru,Gakenke,Cyabingo,Rukore,Muramba
Amajyaruguru,Gakenke,Cyabingo,Rukore,Murehe
Amajyaruguru,Gakenke,Cyabingo,Rukore,Nyabisika
Amajyaruguru,Gakenke,Cyabingo,Rukore,Nyamugali
Amajyaruguru,Gakenke,Cyabingo,Rukore,Rugendabare
Amajyaruguru,Gakenke,Cyabingo,Rukore,Rukore
Amajyaruguru,Gakenke,Gakenke,Buheta,Mucuro
Amajyaruguru,Gakenke,Gakenke,Buheta,Murambi
Amajyaruguru,Gakenke,Gakenke,Buheta,Ndora
Amajyaruguru,Gakenke,Gakenke,Buheta,Rusebeya
Amajyaruguru,Gakenke,Gakenke,Kagoma,Bukanka
Amajyaruguru,Gakenke,Gakenke,Kagoma,Cyandago
Amajyaruguru,Gakenke,Gakenke,Kagoma,Gitenga
Amajyaruguru,Gakenke,Gakenke,Kagoma,Kamatare
Amajyaruguru,Gakenke,Gakenke,Kagoma,Murama
Amajyaruguru,Gakenke,Gakenke,Kagoma,Murambi
Amajyaruguru,Gakenke,Gakenke,Kagoma,Musave
Amajyaruguru,Gakenke,Gakenke,Kagoma,Ntobwe
Amajyaruguru,Gakenke,Gakenke,Kagoma,Rurambi
Amajyaruguru,Gakenke,Gakenke,Kagoma,Rusuri
Amajyaruguru,Gakenke,Gakenke,Nganzo,Bwimba
Amajyaruguru,Gakenke,Gakenke,Nganzo,Gahondo
Amajyaruguru,Gakenke,Gakenke,Nganzo,Gashigwe
Amajyaruguru,Gakenke,Gakenke,Nganzo,Gishyinguro
Amajyaruguru,Gakenke,Gakenke,Nganzo,Kaniga
Amajyaruguru,Gakenke,Gakenke,Nganzo,Kanyiramanyana
Amajyaruguru,Gakenke,Gakenke,Nganzo,Karambi
Amajyaruguru,Gakenke,Gakenke,Nganzo,Karehe
Amajyaruguru,Gakenke,Gakenke,Nganzo,Karuganda
Amajyaruguru,Gakenke,Gakenke,Nganzo,Mbizi
Amajyaruguru,Gakenke,Gakenke,Nganzo,Mbogo
Amajyaruguru,Gakenke,Gakenke,Nganzo,Muyira
Amajyaruguru,Gakenke,Gakenke,Nganzo,Ryabazungu
Amajyaruguru,Gakenke,Gakenke,Rusagara,Akarugamba
Amajyaruguru,Gakenke,Gakenke,Rusagara,Busingiryi
Amajyaruguru,Gakenke,Gakenke,Rusagara,Kabaya
Amajyaruguru,Gakenke,Gakenke,Rusagara,Kageyo
Amajyaruguru,Gakenke,Gakenke,Rusagara,Kakinungu
Amajyaruguru,Gakenke,Gakenke,Rusagara,Kivumu
Amajyaruguru,Gakenke,Gakenke,Rusagara,Mazinga
Amajyaruguru,Gakenke,Gakenke,Rusagara,Murambi
Amajyaruguru,Gakenke,Gakenke,Rusagara,Museke
Amajyaruguru,Gakenke,Gakenke,Rusagara,Nyamabuye
Amajyaruguru,Gakenke,Gakenke,Rusagara,Ruberano
Amajyaruguru,Gakenke,Gakenke,Rusagara,Sitwe
Amajyaruguru,Gakenke,Gakenke,Rusagara,Umujyi Wa Gakenke
Amajyaruguru,Gakenke,Gakenke,Buheta,Buyagiro
Amajyaruguru,Gakenke,Gakenke,Buheta,Gatwa
Amajyaruguru,Gakenke,Gakenke,Buheta,Gihemba
Amajyaruguru,Gakenke,Gakenke,Buheta,Gikerera
Amajyaruguru,Gakenke,Gakenke,Buheta,Karambi
Amajyaruguru,Gakenke,Gakenke,Buheta,Karorero
Amajyaruguru,Gakenke,Gashenyi,Rutabo,Gasanzwe
Amajyaruguru,Gakenke,Gashenyi,Rutabo,Kabwika
Amajyaruguru,Gakenke,Gashenyi,Rutabo,Kamurambo
Amajyaruguru,Gakenke,Gashenyi,Rutabo,Kanwa
Amajyaruguru,Gakenke,Gashenyi,Rutabo,Rubuga
Amajyaruguru,Gakenke,Gashenyi,Rutenderi,Gaseke
Amajyaruguru,Gakenke,Gashenyi,Rutenderi,Gatwa
Amajyaruguru,Gakenke,Gashenyi,Rutenderi,Gitaba
Amajyaruguru,Gakenke,Gashenyi,Rutenderi,Kabere
Amajyaruguru,Gakenke,Gashenyi,Rutenderi,Kabugomba
Amajyaruguru,Gakenke,Gashenyi,Rutenderi,Kibara
Amajyaruguru,Gakenke,Gashenyi,Rutenderi,Murambo
Amajyaruguru,Gakenke,Gashenyi,Taba,Busaro
Amajyaruguru,Gakenke,Gashenyi,Taba,Bushita
Amajyaruguru,Gakenke,Gashenyi,Taba,Gasharu
Amajyaruguru,Gakenke,Gashenyi,Taba,Gihanga
Amajyaruguru,Gakenke,Gashenyi,Taba,Kangomba
Amajyaruguru,Gakenke,Gashenyi,Nyacyina,Bwiyando
Amajyaruguru,Gakenke,Gashenyi,Taba,Kanteko
Amajyaruguru,Gakenke,Gashenyi,Nyacyina,Gashinge
Amajyaruguru,Gakenke,Gashenyi,Taba,Murambi
Amajyaruguru,Gakenke,Gashenyi,Nyacyina,Kadehero
Amajyaruguru,Gakenke,Gashenyi,Taba,Mwisha
Amajyaruguru,Gakenke,Gashenyi,Taba,Rutenderi
Amajyaruguru,Gakenke,Gashenyi,Nyacyina,Masoro
Amajyaruguru,Gakenke,Gashenyi,Nyacyina,Mukira
Amajyaruguru,Gakenke,Gashenyi,Nyacyina,Nyamure
Amajyaruguru,Gakenke,Gashenyi,Nyacyina,Rugarama
Amajyaruguru,Gakenke,Gashenyi,Nyacyina,Rugendabari
Amajyaruguru,Gakenke,Gashenyi,Nyacyina,Ruhore
Amajyaruguru,Gakenke,Gashenyi,Rukura,Gahihi
Amajyaruguru,Gakenke,Gashenyi,Rukura,Gikoro
Amajyaruguru,Gakenke,Gashenyi,Rukura,Kara
Amajyaruguru,Gakenke,Gashenyi,Rukura,Kirambo
Amajyaruguru,Gakenke,Gashenyi,Rukura,Murandi
Amajyaruguru,Gakenke,Gashenyi,Rukura,Nyamataha
Amajyaruguru,Gakenke,Gashenyi,Rutabo,Buhira
Amajyaruguru,Gakenke,Gashenyi,Rutabo,Buturuba
Amajyaruguru,Gakenke,Janja,Gatwa,Kinoko
Amajyaruguru,Gakenke,Janja,Gatwa,Murambi
Amajyaruguru,Gakenke,Janja,Gatwa,Mwanza
Amajyaruguru,Gakenke,Janja,Gatwa,Nyabushishiri
Amajyaruguru,Gakenke,Janja,Gatwa,Nyagisozi
Amajyaruguru,Gakenke,Janja,Karukungu,Buhimbi
Amajyaruguru,Gakenke,Janja,Karukungu,Cyifuzo
Amajyaruguru,Gakenke,Janja,Karukungu,Gitaba
Amajyaruguru,Gakenke,Janja,Karukungu,Karama
Amajyaruguru,Gakenke,Janja,Karukungu,Mugandu
Amajyaruguru,Gakenke,Janja,Karukungu,Rugeshi
Amajyaruguru,Gakenke,Janja,Karukungu,Rusasa
Amajyaruguru,Gakenke,Janja,Karukungu,Rutake
Amajyaruguru,Gakenke,Janja,Gakindo,Bukerera
Amajyaruguru,Gakenke,Janja,Gakindo,Bunyironko
Amajyaruguru,Gakenke,Janja,Gakindo,Kabusoro
Amajyaruguru,Gakenke,Janja,Gakindo,Kibonwa
Amajyaruguru,Gakenke,Janja,Gakindo,Rubona
Amajyaruguru,Gakenke,Janja,Gakindo,Rurumbya
Amajyaruguru,Gakenke,Janja,Gashyamba,Burega
Amajyaruguru,Gakenke,Janja,Gashyamba,Gatongo
Amajyaruguru,Gakenke,Janja,Gashyamba,Gitovu
Amajyaruguru,Gakenke,Janja,Gashyamba,Nyabikenke
Amajyaruguru,Gakenke,Janja,Gashyamba,Rwampali
Amajyaruguru,Gakenke,Janja,Gatwa,Buhanga
Amajyaruguru,Gakenke,Janja,Gatwa,Gitega
Amajyaruguru,Gakenke,Kamubuga,Kamubuga,Gasebeya
Amajyaruguru,Gakenke,Kamubuga,Kamubuga,Gashishi
Amajyaruguru,Gakenke,Kamubuga,Kamubuga,Gitwe
Amajyaruguru,Gakenke,Kamubuga,Kamubuga,Kabuye
Amajyaruguru,Gakenke,Kamubuga,Kamubuga,Kanshenge
Amajyaruguru,Gakenke,Kamubuga,Kamubuga,Kanyirantege
Amajyaruguru,Gakenke,Kamubuga,Kamubuga,Marira
Amajyaruguru,Gakenke,Kamubuga,Kamubuga,Nyarungu
Amajyaruguru,Gakenke,Kamubuga,Kamubuga,Raro
Amajyaruguru,Gakenke,Kamubuga,Kamubuga,Rugari
Amajyaruguru,Gakenke,Kamubuga,Kamubuga,Ruhehe
Amajyaruguru,Gakenke,Kamubuga,Kamubuga,Runeka
Amajyaruguru,Gakenke,Kamubuga,Kidomo,Bucyaba
Amajyaruguru,Gakenke,Kamubuga,Kidomo,Bugogo
Amajyaruguru,Gakenke,Kamubuga,Kidomo,Kidomo
Amajyaruguru,Gakenke,Kamubuga,Kidomo,Kintobo
Amajyaruguru,Gakenke,Kamubuga,Kidomo,Njugi
Amajyaruguru,Gakenke,Kamubuga,Kidomo,Nyamusongati
Amajyaruguru,Gakenke,Kamubuga,Kidomo,Rugeshi
Amajyaruguru,Gakenke,Kamubuga,Kidomo,Rutagara
Amajyaruguru,Gakenke,Kamubuga,Mbatabata,Buhinda
Amajyaruguru,Gakenke,Kamubuga,Mbatabata,Gatare
Amajyaruguru,Gakenke,Kamubuga,Mbatabata,Horero
Amajyaruguru,Gakenke,Kamubuga,Mbatabata,Kabyaza
Amajyaruguru,Gakenke,Kamubuga,Mbatabata,Karingorera
Amajyaruguru,Gakenke,Kamubuga,Mbatabata,Mbatabata
Amajyaruguru,Gakenke,Kamubuga,Mbatabata,Mwasha
Amajyaruguru,Gakenke,Kamubuga,Mbatabata,Ryabirere
Amajyaruguru,Gakenke,Kamubuga,Rukore,Kabutwa
Amajyaruguru,Gakenke,Kamubuga,Rukore,Karangara
Amajyaruguru,Gakenke,Kamubuga,Rukore,Kinyababa
Amajyaruguru,Gakenke,Kamubuga,Rukore,Rungu
Amajyaruguru,Gakenke,Kamubuga,Rukore,Rusasa
Amajyaruguru,Gakenke,Kamubuga,Rukore,Rusumo
Amajyaruguru,Gakenke,Kamubuga,Rukore,Rwata
Amajyaruguru,Gakenke,Kamubuga,Rukore,Taba
Amajyaruguru,Gakenke,Karambo,Karambo,Bataga
Amajyaruguru,Gakenke,Karambo,Karambo,Bumbeja
Amajyaruguru,Gakenke,Karambo,Karambo,Bushumba
Amajyaruguru,Gakenke,Karambo,Karambo,Cyumba
Amajyaruguru,Gakenke,Karambo,Karambo,Gasovu
Amajyaruguru,Gakenke,Karambo,Karambo,Gatare
Amajyaruguru,Gakenke,Karambo,Karambo,Gatorero
Amajyaruguru,Gakenke,Karambo,Karambo,Gishingo
Amajyaruguru,Gakenke,Karambo,Karambo,Kigarama
Amajyaruguru,Gakenke,Karambo,Karambo,Mugamba
Amajyaruguru,Gakenke,Karambo,Karambo,Nyiramuhimba
Amajyaruguru,Gakenke,Karambo,Karambo,Rwamiko
Amajyaruguru,Gakenke,Karambo,Karambo,Ryarurimbura
Amajyaruguru,Gakenke,Karambo,Kirebe,Bukondo
Amajyaruguru,Gakenke,Karambo,Kirebe,Bukunga
Amajyaruguru,Gakenke,Karambo,Kirebe,Bukweto
Amajyaruguru,Gakenke,Karambo,Kirebe,Kabuye
Amajyaruguru,Gakenke,Karambo,Kirebe,Kavumu
Amajyaruguru,Gakenke,Karambo,Kirebe,Mubuga
Amajyaruguru,Gakenke,Karambo,Kirebe,Mwiyanike
Amajyaruguru,Gakenke,Karambo,Kirebe,Nyabigugu
Amajyaruguru,Gakenke,Karambo,Kanyanza,Gatembe
Amajyaruguru,Gakenke,Karambo,Kanyanza,Kabuhunu
Amajyaruguru,Gakenke,Karambo,Kanyanza,Kabutare
Amajyaruguru,Gakenke,Karambo,Kanyanza,Karambi
Amajyaruguru,Gakenke,Karambo,Kanyanza,Karenge
Amajyaruguru,Gakenke,Karambo,Kanyanza,Marembo
Amajyaruguru,Gakenke,Karambo,Kanyanza,Nyiramisabike
Amajyaruguru,Gakenke,Kivuruga,Cyintare,Bigogwe
Amajyaruguru,Gakenke,Kivuruga,Cyintare,Buhuga
Amajyaruguru,Gakenke,Kivuruga,Ruhinga,Kamomo
Amajyaruguru,Gakenke,Kivuruga,Ruhinga,Kavumu
Amajyaruguru,Gakenke,Kivuruga,Ruhinga,Kintarure
Amajyaruguru,Gakenke,Kivuruga,Ruhinga,Munyege
Amajyaruguru,Gakenke,Kivuruga,Ruhinga,Rugeshi
Amajyaruguru,Gakenke,Kivuruga,Ruhinga,Rwakirari
Amajyaruguru,Gakenke,Kivuruga,Sereri,Buhayo
Amajyaruguru,Gakenke,Kivuruga,Sereri,Kabara
Amajyaruguru,Gakenke,Kivuruga,Sereri,Kivuruga
Amajyaruguru,Gakenke,Kivuruga,Sereri,Masoro
Amajyaruguru,Gakenke,Kivuruga,Sereri,Musekera
Amajyaruguru,Gakenke,Kivuruga,Sereri,Ngarama
Amajyaruguru,Gakenke,Kivuruga,Cyintare,Cyintare
Amajyaruguru,Gakenke,Kivuruga,Cyintare,Nyarubuye
Amajyaruguru,Gakenke,Kivuruga,Gasiza,Bushoka
Amajyaruguru,Gakenke,Kivuruga,Gasiza,Kabuhoma
Amajyaruguru,Gakenke,Kivuruga,Gasiza,Kamwumba
Amajyaruguru,Gakenke,Kivuruga,Gasiza,Nturo
Amajyaruguru,Gakenke,Kivuruga,Gasiza,Nyarungu
Amajyaruguru,Gakenke,Kivuruga,Rugimbu,Gasave
Amajyaruguru,Gakenke,Kivuruga,Rugimbu,Karuhunge
Amajyaruguru,Gakenke,Kivuruga,Rugimbu,Mugali
Amajyaruguru,Gakenke,Kivuruga,Rugimbu,Rurambo
Amajyaruguru,Gakenke,Kivuruga,Rugimbu,Rutamba
Amajyaruguru,Gakenke,Kivuruga,Rugimbu,Rwamabare
Amajyaruguru,Gakenke,Kivuruga,Ruhinga,Buranga
Amajyaruguru,Gakenke,Mataba,Buyange,Gabiro
Amajyaruguru,Gakenke,Mataba,Buyange,Gashingiro
Amajyaruguru,Gakenke,Mataba,Buyange,Kabeza
Amajyaruguru,Gakenke,Mataba,Buyange,Kanamo
Amajyaruguru,Gakenke,Mataba,Buyange,Karambi
Amajyaruguru,Gakenke,Mataba,Buyange,Mubuga
Amajyaruguru,Gakenke,Mataba,Buyange,Nyamiyaga
Amajyaruguru,Gakenke,Mataba,Buyange,Rugendabari
Amajyaruguru,Gakenke,Mataba,Buyange,Ryarugema
Amajyaruguru,Gakenke,Mataba,Gikombe,Bugari
Amajyaruguru,Gakenke,Mataba,Gikombe,Bweramana
Amajyaruguru,Gakenke,Mataba,Gikombe,Gashyushya
Amajyaruguru,Gakenke,Mataba,Gikombe,Gatovu
Amajyaruguru,Gakenke,Mataba,Gikombe,Muhororo
Amajyaruguru,Gakenke,Mataba,Gikombe,Munini
Amajyaruguru,Gakenke,Mataba,Gikombe,Muyaga
Amajyaruguru,Gakenke,Mataba,Gikombe,Nyangoma
Amajyaruguru,Gakenke,Mataba,Gikombe,Ruganda
Amajyaruguru,Gakenke,Mataba,Gikombe,Ruhanga
Amajyaruguru,Gakenke,Mataba,Nyundo,Gihita
Amajyaruguru,Gakenke,Mataba,Nyundo,Gitaba
Amajyaruguru,Gakenke,Mataba,Nyundo,Kabuyora
Amajyaruguru,Gakenke,Mataba,Nyundo,Kagando
Amajyaruguru,Gakenke,Mataba,Nyundo,Karambi
Amajyaruguru,Gakenke,Mataba,Nyundo,Mataba
Amajyaruguru,Gakenke,Mataba,Nyundo,Mwanza
Amajyaruguru,Gakenke,Mataba,Nyundo,Nkurazo
Amajyaruguru,Gakenke,Minazi,Gasiho,Gahombo
Amajyaruguru,Gakenke,Minazi,Gasiho,Gahunda
Amajyaruguru,Gakenke,Minazi,Gasiho,Gasangwa
Amajyaruguru,Gakenke,Minazi,Gasiho,Gihinga
Amajyaruguru,Gakenke,Minazi,Gasiho,Kabarima
Amajyaruguru,Gakenke,Minazi,Gasiho,Kigeyo
Amajyaruguru,Gakenke,Minazi,Gasiho,Mbogo
Amajyaruguru,Gakenke,Minazi,Munyana,Gihororo
Amajyaruguru,Gakenke,Minazi,Munyana,Gitwa
Amajyaruguru,Gakenke,Minazi,Munyana,Kanka
Amajyaruguru,Gakenke,Minazi,Munyana,Kivuba
Amajyaruguru,Gakenke,Minazi,Munyana,Nyabitare
Amajyaruguru,Gakenke,Minazi,Murambi,Gisovu
Amajyaruguru,Gakenke,Minazi,Murambi,Kabuga
Amajyaruguru,Gakenke,Minazi,Murambi,Musave
Amajyaruguru,Gakenke,Minazi,Murambi,Nyanza
Amajyaruguru,Gakenke,Minazi,Murambi,Nyarubuye
Amajyaruguru,Gakenke,Minazi,Raba,Bukonde
Amajyaruguru,Gakenke,Minazi,Raba,Gaharo
Amajyaruguru,Gakenke,Minazi,Raba,Gitaragwe
Amajyaruguru,Gakenke,Minazi,Raba,Munihi
Amajyaruguru,Gakenke,Minazi,Raba,Mutara
Amajyaruguru,Gakenke,Minazi,Raba,Ndegamire
Amajyaruguru,Gakenke,Minazi,Raba,Sarabuye
Amajyaruguru,Gakenke,Mugunga,Munyana,Rwezamenyo
Amajyaruguru,Gakenke,Mugunga,Mutego,Kamasanze
Amajyaruguru,Gakenke,Mugunga,Mutego,Kamunyana
Amajyaruguru,Gakenke,Mugunga,Mutego,Karambo
Amajyaruguru,Gakenke,Mugunga,Mutego,Nganzo
Amajyaruguru,Gakenke,Mugunga,Mutego,Rutaraga
Amajyaruguru,Gakenke,Mugunga,Nkomane,Kabuga
Amajyaruguru,Gakenke,Mugunga,Nkomane,Kanaba
Amajyaruguru,Gakenke,Mugunga,Nkomane,Nemba
Amajyaruguru,Gakenke,Mugunga,Nkomane,Nyagasozi
Amajyaruguru,Gakenke,Mugunga,Nkomane,Rusebeya
Amajyaruguru,Gakenke,Mugunga,Rutabo,Gacemeri
Amajyaruguru,Gakenke,Mugunga,Rutabo,Gasovu
Amajyaruguru,Gakenke,Mugunga,Rutabo,Gatonde
Amajyaruguru,Gakenke,Mugunga,Rutabo,Kabuhoro
Amajyaruguru,Gakenke,Mugunga,Rutabo,Muhororo
Amajyaruguru,Gakenke,Mugunga,Rutenderi,Kiraro
Amajyaruguru,Gakenke,Mugunga,Rutenderi,Nyakazenga
Amajyaruguru,Gakenke,Mugunga,Rutenderi,Nyundo
Amajyaruguru,Gakenke,Mugunga,Rutenderi,Rubona
Amajyaruguru,Gakenke,Mugunga,Rwamambe,Biraro
Amajyaruguru,Gakenke,Mugunga,Rwamambe,Bushoka
Amajyaruguru,Gakenke,Mugunga,Rwamambe,Gashubi
Amajyaruguru,Gakenke,Mugunga,Rwamambe,Kabiganda
Amajyaruguru,Gakenke,Mugunga,Gahinga,Cyinama
Amajyaruguru,Gakenke,Mugunga,Rwamambe,Kanyinya
Amajyaruguru,Gakenke,Mugunga,Gahinga,Giheta
Amajyaruguru,Gakenke,Mugunga,Gahinga,Nyagahondo
Amajyaruguru,Gakenke,Mugunga,Gahinga,Nyakagezi
Amajyaruguru,Gakenke,Mugunga,Gahinga,Rwimpiri
Amajyaruguru,Gakenke,Mugunga,Munyana,Cyarubayi
Amajyaruguru,Gakenke,Mugunga,Munyana,Karambi
Amajyaruguru,Gakenke,Mugunga,Munyana,Muhororo
Amajyaruguru,Gakenke,Mugunga,Munyana,Nturo
Amajyaruguru,Gakenke,Muhondo,Bwenda,Nketsi
Amajyaruguru,Gakenke,Muhondo,Gasiza,Gahabwa
Amajyaruguru,Gakenke,Muhondo,Gasiza,Gahinga
Amajyaruguru,Gakenke,Muhondo,Gasiza,Gahondo
Amajyaruguru,Gakenke,Muhondo,Gasiza,Gasiza
Amajyaruguru,Gakenke,Muhondo,Gasiza,Kabeza
Amajyaruguru,Gakenke,Muhondo,Gihinga,Base
Amajyaruguru,Gakenke,Muhondo,Gihinga,Gihinga
Amajyaruguru,Gakenke,Muhondo,Gihinga,Karehe
Amajyaruguru,Gakenke,Muhondo,Gihinga,Samuduha
Amajyaruguru,Gakenke,Muhondo,Gihinga,Taba
Amajyaruguru,Gakenke,Muhondo,Huro,Cura
Amajyaruguru,Gakenke,Muhondo,Huro,Gitwa
Amajyaruguru,Gakenke,Muhondo,Huro,Huro
Amajyaruguru,Gakenke,Muhondo,Huro,Kabuga
Amajyaruguru,Gakenke,Muhondo,Huro,Rubona
Amajyaruguru,Gakenke,Muhondo,Musagara,Akara
Amajyaruguru,Gakenke,Muhondo,Musagara,Cyenda
Amajyaruguru,Gakenke,Muhondo,Musagara,Giteme
Amajyaruguru,Gakenke,Muhondo,Musagara,Karobagire
Amajyaruguru,Gakenke,Muhondo,Musenyi,Buhinya
Amajyaruguru,Gakenke,Muhondo,Musenyi,Gakuyu
Amajyaruguru,Gakenke,Muhondo,Musenyi,Kigali
Amajyaruguru,Gakenke,Muhondo,Musenyi,Musenyi
Amajyaruguru,Gakenke,Muhondo,Ruganda,Gisozi
Amajyaruguru,Gakenke,Muhondo,Ruganda,Kinyonzo
Amajyaruguru,Gakenke,Muhondo,Ruganda,Mubuga
Amajyaruguru,Gakenke,Muhondo,Ruganda,Ranzi
Amajyaruguru,Gakenke,Muhondo,Ruganda,Ruganda
Amajyaruguru,Gakenke,Muhondo,Rwinkuba,Cyimbogo
Amajyaruguru,Gakenke,Muhondo,Rwinkuba,Kanyana
Amajyaruguru,Gakenke,Muhondo,Rwinkuba,Ruhorobero
Amajyaruguru,Gakenke,Muhondo,Busake,Busake
Amajyaruguru,Gakenke,Muhondo,Busake,Gikikira
Amajyaruguru,Gakenke,Muhondo,Busake,Kibirizi
Amajyaruguru,Gakenke,Muhondo,Busake,Nyakabanda
Amajyaruguru,Gakenke,Muhondo,Bwenda,Gahama
Amajyaruguru,Gakenke,Muhondo,Bwenda,Gatare
Amajyaruguru,Gakenke,Muhondo,Bwenda,Gitaba
Amajyaruguru,Gakenke,Muhondo,Bwenda,Kimanama
Amajyaruguru,Gakenke,Muyongwe,Bumba,Bumba
Amajyaruguru,Gakenke,Muyongwe,Bumba,Buzu
Amajyaruguru,Gakenke,Muyongwe,Bumba,Gikoro
Amajyaruguru,Gakenke,Muyongwe,Bumba,Gitovu
Amajyaruguru,Gakenke,Muyongwe,Bumba,Gitwe
Amajyaruguru,Gakenke,Muyongwe,Bumba,Mataba
Amajyaruguru,Gakenke,Muyongwe,Bumba,Shiru
Amajyaruguru,Gakenke,Muyongwe,Gisiza,Gitanda
Amajyaruguru,Gakenke,Muyongwe,Gisiza,Kabingo
Amajyaruguru,Gakenke,Muyongwe,Gisiza,Kiyebe
Amajyaruguru,Gakenke,Muyongwe,Gisiza,Muramba
Amajyaruguru,Gakenke,Muyongwe,Gisiza,Ruhoko
Amajyaruguru,Gakenke,Muyongwe,Gisiza,Sanzare
Amajyaruguru,Gakenke,Muyongwe,Karyango,Gikombe
Amajyaruguru,Gakenke,Muyongwe,Karyango,Kibingo
Amajyaruguru,Gakenke,Muyongwe,Karyango,Mahaha
Amajyaruguru,Gakenke,Muyongwe,Karyango,Mugera
Amajyaruguru,Gakenke,Muyongwe,Nganzo,Muhororo
Amajyaruguru,Gakenke,Muyongwe,Nganzo,Nganzo
Amajyaruguru,Gakenke,Muyongwe,Nganzo,Ngoma
Amajyaruguru,Gakenke,Muyongwe,Nganzo,Nyarubuye
Amajyaruguru,Gakenke,Muyongwe,Nganzo,Vugangoma
Amajyaruguru,Gakenke,Muyongwe,Va,Bukwera
Amajyaruguru,Gakenke,Muyongwe,Va,Businde
Amajyaruguru,Gakenke,Muyongwe,Va,Gikombe
Amajyaruguru,Gakenke,Muyongwe,Va,Mutoyi
Amajyaruguru,Gakenke,Muyongwe,Va,Ranzi
Amajyaruguru,Gakenke,Muzo,Mwiyando,Kagano
Amajyaruguru,Gakenke,Muzo,Mwiyando,Muguguri
Amajyaruguru,Gakenke,Muzo,Mwiyando,Nyagasozi
Amajyaruguru,Gakenke,Muzo,Mwiyando,Rubayo
Amajyaruguru,Gakenke,Muzo,Mwiyando,Ruhondo
Amajyaruguru,Gakenke,Muzo,Rwa,Bitaba
Amajyaruguru,Gakenke,Muzo,Rwa,Cyinturo
Amajyaruguru,Gakenke,Muzo,Rwa,Gacaca
Amajyaruguru,Gakenke,Muzo,Rwa,Gihororo
Amajyaruguru,Gakenke,Muzo,Rwa,Kabere
Amajyaruguru,Gakenke,Muzo,Rwa,Mafubo
Amajyaruguru,Gakenke,Muzo,Rwa,Nyagahondo
Amajyaruguru,Gakenke,Muzo,Rwa,Nyarubande
Amajyaruguru,Gakenke,Muzo,Kabatezi,Curugusi
Amajyaruguru,Gakenke,Muzo,Kabatezi,Gasave
Amajyaruguru,Gakenke,Muzo,Kabatezi,Gitabi
Amajyaruguru,Gakenke,Muzo,Kabatezi,Kabatezi
Amajyaruguru,Gakenke,Muzo,Kabatezi,Kasheshe
Amajyaruguru,Gakenke,Muzo,Kabatezi,Runyinya
Amajyaruguru,Gakenke,Muzo,Kabatezi,Rusororo
Amajyaruguru,Gakenke,Muzo,Kiryamo,Akamagaju
Amajyaruguru,Gakenke,Muzo,Kiryamo,Gahondo
Amajyaruguru,Gakenke,Muzo,Kiryamo,Munyinya
Amajyaruguru,Gakenke,Muzo,Kiryamo,Murambi
Amajyaruguru,Gakenke,Muzo,Kiryamo,Rugarama
Amajyaruguru,Gakenke,Muzo,Kiryamo,Rugege
Amajyaruguru,Gakenke,Muzo,Kiryamo,Sezuku
Amajyaruguru,Gakenke,Muzo,Mubuga,Butambwe
Amajyaruguru,Gakenke,Muzo,Mubuga,Kanini
Amajyaruguru,Gakenke,Muzo,Mubuga,Kavuza
Amajyaruguru,Gakenke,Muzo,Mubuga,Mubuga
Amajyaruguru,Gakenke,Muzo,Mubuga,Mwirika
Amajyaruguru,Gakenke,Muzo,Mubuga,Mwurire
Amajyaruguru,Gakenke,Muzo,Mwiyando,Gitabi
Amajyaruguru,Gakenke,Muzo,Mwiyando,Gitoke
Amajyaruguru,Gakenke,Nemba,Buranga,Buranga
Amajyaruguru,Gakenke,Nemba,Buranga,Burego
Amajyaruguru,Gakenke,Nemba,Buranga,Butare
Amajyaruguru,Gakenke,Nemba,Buranga,Kanyansyo
Amajyaruguru,Gakenke,Nemba,Buranga,Muganwa
Amajyaruguru,Gakenke,Nemba,Buranga,Mukaka
Amajyaruguru,Gakenke,Nemba,Buranga,Rukoji
Amajyaruguru,Gakenke,Nemba,Gahinga,Bitare
Amajyaruguru,Gakenke,Nemba,Gahinga,Bukurura
Amajyaruguru,Gakenke,Nemba,Gahinga,Kabaya
Amajyaruguru,Gakenke,Nemba,Gahinga,Kilimbi
Amajyaruguru,Gakenke,Nemba,Gisozi,Gisagara
Amajyaruguru,Gakenke,Nemba,Gisozi,Kabushara
Amajyaruguru,Gakenke,Nemba,Gisozi,Kamatete
Amajyaruguru,Gakenke,Nemba,Gisozi,Kanama
Amajyaruguru,Gakenke,Nemba,Gisozi,Kanunga
Amajyaruguru,Gakenke,Nemba,Gisozi,Kanzoka
Amajyaruguru,Gakenke,Nemba,Gisozi,Karukara
Amajyaruguru,Gakenke,Nemba,Gisozi,Kirehe
Amajyaruguru,Gakenke,Nemba,Gisozi,Mushubi
Amajyaruguru,Gakenke,Nemba,Gisozi,Nyamyumba
Amajyaruguru,Gakenke,Nemba,Mucaca,Cyahafi
Amajyaruguru,Gakenke,Nemba,Mucaca,Gatare
Amajyaruguru,Gakenke,Nemba,Mucaca,Kabingo
Amajyaruguru,Gakenke,Nemba,Mucaca,Kabuye
Amajyaruguru,Gakenke,Nemba,Mucaca,Kamuvunyi
Amajyaruguru,Gakenke,Nemba,Mucaca,Kiruhura
Amajyaruguru,Gakenke,Nemba,Mucaca,Kiryamo
Amajyaruguru,Gakenke,Nemba,Mucaca,Munyege
Amajyaruguru,Gakenke,Nemba,Mucaca,Musange
Amajyaruguru,Gakenke,Nemba,Mucaca,Ntakabavu
Amajyaruguru,Gakenke,Nemba,Mucaca,Nyamiyaga
Amajyaruguru,Gakenke,Ruli,Busoro,Nkoto
Amajyaruguru,Gakenke,Ruli,Busoro,Rugaragara
Amajyaruguru,Gakenke,Ruli,Gikingo,Bushoka
Amajyaruguru,Gakenke,Ruli,Gikingo,Gatwa
Amajyaruguru,Gakenke,Ruli,Gikingo,Kabingo
Amajyaruguru,Gakenke,Ruli,Gikingo,Karango
Amajyaruguru,Gakenke,Ruli,Gikingo,Nyamugari
Amajyaruguru,Gakenke,Ruli,Gikingo,Rumasa
Amajyaruguru,Gakenke,Ruli,Jango,Gatagara
Amajyaruguru,Gakenke,Ruli,Jango,Gihura
Amajyaruguru,Gakenke,Ruli,Jango,Gitonde
Amajyaruguru,Gakenke,Ruli,Jango,Kinyonzo
Amajyaruguru,Gakenke,Ruli,Jango,Mubuga
Amajyaruguru,Gakenke,Ruli,Jango,Murehe
Amajyaruguru,Gakenke,Ruli,Ruli,Bariza
Amajyaruguru,Gakenke,Ruli,Ruli,Gahondo
Amajyaruguru,Gakenke,Ruli,Ruli,Gataba
Amajyaruguru,Gakenke,Ruli,Ruli,Mugambazi
Amajyaruguru,Gakenke,Ruli,Ruli,Ngayake
Amajyaruguru,Gakenke,Ruli,Ruli,Nyakarambi
Amajyaruguru,Gakenke,Ruli,Rwesero,Gatare
Amajyaruguru,Gakenke,Ruli,Rwesero,Gisizi
Amajyaruguru,Gakenke,Ruli,Rwesero,Mabago
Amajyaruguru,Gakenke,Ruli,Rwesero,Mugwato
Amajyaruguru,Gakenke,Ruli,Rwesero,Nyarunyinya
Amajyaruguru,Gakenke,Ruli,Busoro,Congoli
Amajyaruguru,Gakenke,Ruli,Busoro,Cyoganyoni
Amajyaruguru,Gakenke,Ruli,Busoro,Gitaba
Amajyaruguru,Gakenke,Ruli,Busoro,Kabare
Amajyaruguru,Gakenke,Ruli,Busoro,Kibirizi
Amajyaruguru,Gakenke,Rusasa,Rurembo,Bushoka
Amajyaruguru,Gakenke,Rusasa,Rurembo,Mazinga
Amajyaruguru,Gakenke,Rusasa,Rurembo,Murori
Amajyaruguru,Gakenke,Rusasa,Rurembo,Nyakabungo
Amajyaruguru,Gakenke,Rusasa,Rurembo,Rugamba
Amajyaruguru,Gakenke,Rusasa,Gataba,Bumonyo A
Amajyaruguru,Gakenke,Rusasa,Gataba,Gahama
Amajyaruguru,Gakenke,Rusasa,Gataba,Gataba
Amajyaruguru,Gakenke,Rusasa,Gataba,Kebero
Amajyaruguru,Gakenke,Rusasa,Gataba,Kibaya
Amajyaruguru,Gakenke,Rusasa,Kamonyi,Burinda
Amajyaruguru,Gakenke,Rusasa,Kamonyi,Gakindo
Amajyaruguru,Gakenke,Rusasa,Kamonyi,Gapfura
Amajyaruguru,Gakenke,Rusasa,Kamonyi,Gitwe
Amajyaruguru,Gakenke,Rusasa,Kamonyi,Kidomo
Amajyaruguru,Gakenke,Rusasa,Kamonyi,Nyagahama
Amajyaruguru,Gakenke,Rusasa,Kamonyi,Rurambi
Amajyaruguru,Gakenke,Rusasa,Murambi,Buharabuye
Amajyaruguru,Gakenke,Rusasa,Murambi,Karuhunge
Amajyaruguru,Gakenke,Rusasa,Murambi,Kirehe
Amajyaruguru,Gakenke,Rusasa,Murambi,Nyange
Amajyaruguru,Gakenke,Rusasa,Nyundo,Bukingo
Amajyaruguru,Gakenke,Rusasa,Nyundo,Bumonyo B
Amajyaruguru,Gakenke,Rusasa,Nyundo,Gisovu
Amajyaruguru,Gakenke,Rusasa,Nyundo,Nyundo
Amajyaruguru,Gakenke,Rusasa,Nyundo,Tane
Amajyaruguru,Gakenke,Rusasa,Rumbi,Bukiza
Amajyaruguru,Gakenke,Rusasa,Rumbi,Buyora
Amajyaruguru,Gakenke,Rusasa,Rumbi,Bwanamo
Amajyaruguru,Gakenke,Rusasa,Rumbi,Ninda
Amajyaruguru,Gakenke,Rushashi,Burimba,Kabuye
Amajyaruguru,Gakenke,Rushashi,Burimba,Kara
Amajyaruguru,Gakenke,Rushashi,Burimba,Kivumu
Amajyaruguru,Gakenke,Rushashi,Busanane,Gisenyi
Amajyaruguru,Gakenke,Rushashi,Busanane,Gisiza
Amajyaruguru,Gakenke,Rushashi,Busanane,Kanzuki
Amajyaruguru,Gakenke,Rushashi,Busanane,Nyakagezi
Amajyaruguru,Gakenke,Rushashi,Joma,Kineza
Amajyaruguru,Gakenke,Rushashi,Joma,Mataba
Amajyaruguru,Gakenke,Rushashi,Joma,Mwifuzo
Amajyaruguru,Gakenke,Rushashi,Joma,Nyagasozi
Amajyaruguru,Gakenke,Rushashi,Joma,Rugarama
Amajyaruguru,Gakenke,Rushashi,Kageyo,Kabeza
Amajyaruguru,Gakenke,Rushashi,Kageyo,Kabona
Amajyaruguru,Gakenke,Rushashi,Kageyo,Karambi
Amajyaruguru,Gakenke,Rushashi,Kageyo,Murambi
Amajyaruguru,Gakenke,Rushashi,Kageyo,Nganzo
Amajyaruguru,Gakenke,Rushashi,Mbogo,Bushoka
Amajyaruguru,Gakenke,Rushashi,Mbogo,Buzoza
Amajyaruguru,Gakenke,Rushashi,Mbogo,Gisanze
Amajyaruguru,Gakenke,Rushashi,Mbogo,Gitongo
Amajyaruguru,Gakenke,Rushashi,Mbogo,Nyabitare
Amajyaruguru,Gakenke,Rushashi,Razi,Gahinga
Amajyaruguru,Gakenke,Rushashi,Razi,Gikongoro
Amajyaruguru,Gakenke,Rushashi,Razi,Kirwa
Amajyaruguru,Gakenke,Rushashi,Razi,Nkoto
Amajyaruguru,Gakenke,Rushashi,Razi,Nyangoyi
Amajyaruguru,Gakenke,Rushashi,Rwankuba,Giheta
Amajyaruguru,Gakenke,Rushashi,Rwankuba,Karushashi
Amajyaruguru,Gakenke,Rushashi,Rwankuba,Ngambi
Amajyaruguru,Gakenke,Rushashi,Rwankuba,Ruganda
Amajyaruguru,Gakenke,Rushashi,Rwankuba,Rwamabega
Amajyaruguru,Gakenke,Rushashi,Shyombwe,Gatare
Amajyaruguru,Gakenke,Rushashi,Shyombwe,Gatwa
Amajyaruguru,Gakenke,Rushashi,Shyombwe,Gihororo
Amajyaruguru,Gakenke,Rushashi,Shyombwe,Murara
Amajyaruguru,Rulindo,BASE,Rwamahwa,Base
Amajyaruguru,Rulindo,BASE,Rwamahwa,Cyondo
Amajyaruguru,Rulindo,BASE,Rwamahwa,Gitovu
Amajyaruguru,Rulindo,BASE,Rwamahwa,Kabahama
Amajyaruguru,Rulindo,BASE,Rwamahwa,Kabeza
Amajyaruguru,Rulindo,BASE,Rwamahwa,Karambi
Amajyaruguru,Rulindo,BASE,Rwamahwa,Kiruli
Amajyaruguru,Rulindo,BASE,Rwamahwa,Mutima
Amajyaruguru,Rulindo,BASE,Cyohoha,Bukangano
Amajyaruguru,Rulindo,BASE,Cyohoha,Buramba
Amajyaruguru,Rulindo,BASE,Cyohoha,Gihemba
Amajyaruguru,Rulindo,BASE,Cyohoha,Gitwa
Amajyaruguru,Rulindo,BASE,Cyohoha,Kabingo
Amajyaruguru,Rulindo,BASE,Cyohoha,Kabuga
Amajyaruguru,Rulindo,BASE,Cyohoha,Musenyi
Amajyaruguru,Rulindo,BASE,Cyohoha,Mushongi
Amajyaruguru,Rulindo,BASE,Cyohoha,Nyangoyi
Amajyaruguru,Rulindo,BASE,Cyohoha,Rubanda
Amajyaruguru,Rulindo,BASE,Gitare,Bushyiga
Amajyaruguru,Rulindo,BASE,Gitare,Gatete
Amajyaruguru,Rulindo,BASE,Gitare,Gihora
Amajyaruguru,Rulindo,BASE,Gitare,Gisiza
Amajyaruguru,Rulindo,BASE,Gitare,Kirwa
Amajyaruguru,Rulindo,BASE,Gitare,Mugenda I
Amajyaruguru,Rulindo,BASE,Gitare,Mugenda Ii
Amajyaruguru,Rulindo,BASE,Gitare,Nyamugali
Amajyaruguru,Rulindo,BASE,Gitare,Rugaragara
Amajyaruguru,Rulindo,BASE,Gitare,Rugerero
Amajyaruguru,Rulindo,BUREGA,Butangampundu,Gacyamo
Amajyaruguru,Rulindo,BUREGA,Butangampundu,Gashinge
Amajyaruguru,Rulindo,BUREGA,Butangampundu,Karambi
Amajyaruguru,Rulindo,BUREGA,Butangampundu,Karugaju
Amajyaruguru,Rulindo,BUREGA,Butangampundu,Kerera
Amajyaruguru,Rulindo,BUREGA,Butangampundu,Kibiraro
Amajyaruguru,Rulindo,BUREGA,Butangampundu,Kigabiro
Amajyaruguru,Rulindo,BUREGA,Butangampundu,Kigarama
Amajyaruguru,Rulindo,BUREGA,Butangampundu,Kisigiro
Amajyaruguru,Rulindo,BUREGA,Butangampundu,Mayaga
Amajyaruguru,Rulindo,BUREGA,Butangampundu,Muduha
Amajyaruguru,Rulindo,BUREGA,Butangampundu,Muhondo
Amajyaruguru,Rulindo,BUREGA,Butangampundu,Nyamiyaga
Amajyaruguru,Rulindo,BUREGA,Butangampundu,Runyinya
Amajyaruguru,Rulindo,BUREGA,Karengeri,Bugoboka
Amajyaruguru,Rulindo,BUREGA,Karengeri,Byerwa
Amajyaruguru,Rulindo,BUREGA,Karengeri,Gasare
Amajyaruguru,Rulindo,BUREGA,Karengeri,Gasharu
Amajyaruguru,Rulindo,BUREGA,Karengeri,Gashinge
Amajyaruguru,Rulindo,BUREGA,Karengeri,Gatete
Amajyaruguru,Rulindo,BUREGA,Karengeri,Kantabo
Amajyaruguru,Rulindo,BUREGA,Karengeri,Kanunga
Amajyaruguru,Rulindo,BUREGA,Karengeri,Kizenga
Amajyaruguru,Rulindo,BUREGA,Karengeri,Kiziba
Amajyaruguru,Rulindo,BUREGA,Karengeri,Mataba
Amajyaruguru,Rulindo,BUREGA,Karengeri,Mitabi
Amajyaruguru,Rulindo,BUREGA,Karengeri,Mukarange
Amajyaruguru,Rulindo,BUREGA,Karengeri,Rwamiko
Amajyaruguru,Rulindo,BUREGA,Taba,Bugarama
Amajyaruguru,Rulindo,BUREGA,Taba,Cyinzuzi
Amajyaruguru,Rulindo,BUREGA,Taba,Gasango
Amajyaruguru,Rulindo,BUREGA,Taba,Kiboha
Amajyaruguru,Rulindo,BUREGA,Taba,Kivomo
Amajyaruguru,Rulindo,BUREGA,Taba,Mwenene
Amajyaruguru,Rulindo,BUREGA,Taba,Mwite
Amajyaruguru,Rulindo,BUREGA,Taba,Ngange
Amajyaruguru,Rulindo,BUREGA,Taba,Nyagisozi
Amajyaruguru,Rulindo,BUREGA,Taba,Rubara
Amajyaruguru,Rulindo,BUREGA,Taba,Rusine
Amajyaruguru,Rulindo,BUREGA,Taba,Ryinzovu
Amajyaruguru,Rulindo,BUSHOKI,Gasiza,Gitwa
Amajyaruguru,Rulindo,BUSHOKI,Gasiza,Karambi
Amajyaruguru,Rulindo,BUSHOKI,Gasiza,Remera
Amajyaruguru,Rulindo,BUSHOKI,Gasiza,Ruhanga
Amajyaruguru,Rulindo,BUSHOKI,Gasiza,Rulindo
Amajyaruguru,Rulindo,BUSHOKI,Giko,Buramira
Amajyaruguru,Rulindo,BUSHOKI,Giko,Cyiri
Amajyaruguru,Rulindo,BUSHOKI,Giko,Gashiru
Amajyaruguru,Rulindo,BUSHOKI,Giko,Karambo
Amajyaruguru,Rulindo,BUSHOKI,Giko,Kigamba
Amajyaruguru,Rulindo,BUSHOKI,Giko,Kivomo
Amajyaruguru,Rulindo,BUSHOKI,Giko,Ngarama
Amajyaruguru,Rulindo,BUSHOKI,Giko,Rugote
Amajyaruguru,Rulindo,BUSHOKI,Kayenzi,Gitaba
Amajyaruguru,Rulindo,BUSHOKI,Kayenzi,Muduha
Amajyaruguru,Rulindo,BUSHOKI,Kayenzi,Murambo
Amajyaruguru,Rulindo,BUSHOKI,Kayenzi,Rebero
Amajyaruguru,Rulindo,BUSHOKI,Kayenzi,Rwanzu
Amajyaruguru,Rulindo,BUSHOKI,Mukoto,Buvumo
Amajyaruguru,Rulindo,BUSHOKI,Mukoto,Buyogoma
Amajyaruguru,Rulindo,BUSHOKI,Mukoto,Gatare
Amajyaruguru,Rulindo,BUSHOKI,Mukoto,Marembo
Amajyaruguru,Rulindo,BUSHOKI,Mukoto,Muko
Amajyaruguru,Rulindo,BUSHOKI,Mukoto,Mukoto
Amajyaruguru,Rulindo,BUSHOKI,Mukoto,Rusave
Amajyaruguru,Rulindo,BUSHOKI,Nyirangarama,Bubiro
Amajyaruguru,Rulindo,BUSHOKI,Nyirangarama,Byimana
Amajyaruguru,Rulindo,BUSHOKI,Nyirangarama,Gatenga
Amajyaruguru,Rulindo,BUSHOKI,Nyirangarama,Gifuba
Amajyaruguru,Rulindo,BUSHOKI,Nyirangarama,Karambi
Amajyaruguru,Rulindo,BUSHOKI,Nyirangarama,Nyenyeri
Amajyaruguru,Rulindo,BUSHOKI,Nyirangarama,Nyirangarama
Amajyaruguru,Rulindo,BUSHOKI,Nyirangarama,Remera
Amajyaruguru,Rulindo,BUSHOKI,Nyirangarama,Tare
Amajyaruguru,Rulindo,BUSHOKI,Nyirangarama,Terambere
Amajyaruguru,Rulindo,BUSHOKI,Gasiza,Budaha
Amajyaruguru,Rulindo,BUSHOKI,Gasiza,Buhande
Amajyaruguru,Rulindo,BUYOGA,Busoro,Gashana
Amajyaruguru,Rulindo,BUYOGA,Busoro,Gatwa
Amajyaruguru,Rulindo,BUYOGA,Busoro,Karambo
Amajyaruguru,Rulindo,BUYOGA,Busoro,Kibanda
Amajyaruguru,Rulindo,BUYOGA,Busoro,Rugarama
Amajyaruguru,Rulindo,BUYOGA,Butare,Gasave
Amajyaruguru,Rulindo,BUYOGA,Butare,Giko
Amajyaruguru,Rulindo,BUYOGA,Butare,Kankanga
Amajyaruguru,Rulindo,BUYOGA,Butare,Karambi
Amajyaruguru,Rulindo,BUYOGA,Butare,Ryanyirakayobe
Amajyaruguru,Rulindo,BUYOGA,Gahororo,Bunyana
Amajyaruguru,Rulindo,BUYOGA,Gahororo,Gatare
Amajyaruguru,Rulindo,BUYOGA,Gahororo,Gatenderi
Amajyaruguru,Rulindo,BUYOGA,Gahororo,Gipfundo
Amajyaruguru,Rulindo,BUYOGA,Gahororo,Gitabura
Amajyaruguru,Rulindo,BUYOGA,Gahororo,Shagasha
Amajyaruguru,Rulindo,BUYOGA,Gitumba,Gitaba
Amajyaruguru,Rulindo,BUYOGA,Gitumba,Munini
Amajyaruguru,Rulindo,BUYOGA,Gitumba,Nyarubuye
Amajyaruguru,Rulindo,BUYOGA,Gitumba,Remera
Amajyaruguru,Rulindo,BUYOGA,Gitumba,Rutabo
Amajyaruguru,Rulindo,BUYOGA,Karama,Cyasenge
Amajyaruguru,Rulindo,BUYOGA,Karama,Kajeneni
Amajyaruguru,Rulindo,BUYOGA,Karama,Karambi
Amajyaruguru,Rulindo,BUYOGA,Karama,Karambo
Amajyaruguru,Rulindo,BUYOGA,Karama,Kavumo
Amajyaruguru,Rulindo,BUYOGA,Karama,Kigarama
Amajyaruguru,Rulindo,BUYOGA,Mwumba,Gakoma
Amajyaruguru,Rulindo,BUYOGA,Mwumba,Mataba
Amajyaruguru,Rulindo,BUYOGA,Mwumba,Murambo
Amajyaruguru,Rulindo,BUYOGA,Mwumba,Nyamwiza
Amajyaruguru,Rulindo,BUYOGA,Mwumba,Nyarubuye
Amajyaruguru,Rulindo,BUYOGA,Ndarage,Gahondo
Amajyaruguru,Rulindo,BUYOGA,Ndarage,Gikingo
Amajyaruguru,Rulindo,BUYOGA,Ndarage,Kagozi
Amajyaruguru,Rulindo,BUYOGA,Ndarage,Karambi
Amajyaruguru,Rulindo,BUYOGA,Ndarage,Kimagali
Amajyaruguru,Rulindo,CYINZUZI,Budakiranya,Gatagara
Amajyaruguru,Rulindo,CYINZUZI,Budakiranya,Gihinga
Amajyaruguru,Rulindo,CYINZUZI,Budakiranya,Kamatongo
Amajyaruguru,Rulindo,CYINZUZI,Budakiranya,Kanyoni
Amajyaruguru,Rulindo,CYINZUZI,Budakiranya,Kavumu
Amajyaruguru,Rulindo,CYINZUZI,Budakiranya,Kigarama
Amajyaruguru,Rulindo,CYINZUZI,Budakiranya,Nyakabanga
Amajyaruguru,Rulindo,CYINZUZI,Budakiranya,Rugaragara
Amajyaruguru,Rulindo,CYINZUZI,Migendezo,Cyanya
Amajyaruguru,Rulindo,CYINZUZI,Migendezo,Gitabage
Amajyaruguru,Rulindo,CYINZUZI,Migendezo,Karambo
Amajyaruguru,Rulindo,CYINZUZI,Migendezo,Marembo
Amajyaruguru,Rulindo,CYINZUZI,Migendezo,Ngabitsinze
Amajyaruguru,Rulindo,CYINZUZI,Migendezo,Nyamugali
Amajyaruguru,Rulindo,CYINZUZI,Migendezo,Remera
Amajyaruguru,Rulindo,CYINZUZI,Migendezo,Rusagara
Amajyaruguru,Rulindo,CYINZUZI,Rudogo,Gasekabuye
Amajyaruguru,Rulindo,CYINZUZI,Rudogo,Gaseke
Amajyaruguru,Rulindo,CYINZUZI,Rudogo,Gasizi
Amajyaruguru,Rulindo,CYINZUZI,Rudogo,Gihuke
Amajyaruguru,Rulindo,CYINZUZI,Rudogo,Kirambo
Amajyaruguru,Rulindo,CYINZUZI,Rudogo,Munini
Amajyaruguru,Rulindo,CYINZUZI,Rudogo,Munoga
Amajyaruguru,Rulindo,CYINZUZI,Rudogo,Musenyi
Amajyaruguru,Rulindo,CYUNGO,Burehe,Kibogora
Amajyaruguru,Rulindo,CYUNGO,Burehe,Nyagatovu
Amajyaruguru,Rulindo,CYUNGO,Burehe,Sove
Amajyaruguru,Rulindo,CYUNGO,Marembo,Buyaga
Amajyaruguru,Rulindo,CYUNGO,Marembo,Gahinga
Amajyaruguru,Rulindo,CYUNGO,Marembo,Kibuye
Amajyaruguru,Rulindo,CYUNGO,Marembo,Kidomo
Amajyaruguru,Rulindo,CYUNGO,Marembo,Murambo
Amajyaruguru,Rulindo,CYUNGO,Marembo,Nganzo
Amajyaruguru,Rulindo,CYUNGO,Marembo,Rugaragara
Amajyaruguru,Rulindo,CYUNGO,Marembo,Rusayu
Amajyaruguru,Rulindo,CYUNGO,Rwili,Kabanda
Amajyaruguru,Rulindo,CYUNGO,Rwili,Karambi
Amajyaruguru,Rulindo,CYUNGO,Rwili,Kirwa
Amajyaruguru,Rulindo,CYUNGO,Rwili,Kivumu
Amajyaruguru,Rulindo,CYUNGO,Rwili,Nturo
Amajyaruguru,Rulindo,CYUNGO,Rwili,Nyabisasa
Amajyaruguru,Rulindo,CYUNGO,Rwili,Sakara
Amajyaruguru,Rulindo,CYUNGO,Burehe,Gitandi
Amajyaruguru,Rulindo,CYUNGO,Burehe,Karambo
Amajyaruguru,Rulindo,CYUNGO,Burehe,Karengeri
Amajyaruguru,Rulindo,CYUNGO,Burehe,Kibande
Amajyaruguru,Rulindo,KINIHIRA,Butunzi,Akamiyove
Amajyaruguru,Rulindo,KINIHIRA,Butunzi,Barayi
Amajyaruguru,Rulindo,KINIHIRA,Butunzi,Bunahi
Amajyaruguru,Rulindo,KINIHIRA,Butunzi,Gisekuru
Amajyaruguru,Rulindo,KINIHIRA,Butunzi,Kinihira
Amajyaruguru,Rulindo,KINIHIRA,Butunzi,Ndorandi
Amajyaruguru,Rulindo,KINIHIRA,Karegamazi,Buhita
Amajyaruguru,Rulindo,KINIHIRA,Karegamazi,Bwishya
Amajyaruguru,Rulindo,KINIHIRA,Karegamazi,Gatembe
Amajyaruguru,Rulindo,KINIHIRA,Karegamazi,Magezi
Amajyaruguru,Rulindo,KINIHIRA,Karegamazi,Mutoyi
Amajyaruguru,Rulindo,KINIHIRA,Karegamazi,Ntunguru
Amajyaruguru,Rulindo,KINIHIRA,Marembo,Buhunde
Amajyaruguru,Rulindo,KINIHIRA,Marembo,Cyogo
Amajyaruguru,Rulindo,KINIHIRA,Marembo,Gatare
Amajyaruguru,Rulindo,KINIHIRA,Marembo,Kigali
Amajyaruguru,Rulindo,KINIHIRA,Marembo,Kiyebe
Amajyaruguru,Rulindo,KINIHIRA,Rebero,Kabuga
Amajyaruguru,Rulindo,KINIHIRA,Rebero,Karambi
Amajyaruguru,Rulindo,KINIHIRA,Rebero,Kirwa
Amajyaruguru,Rulindo,KINIHIRA,Rebero,Ndusu
Amajyaruguru,Rulindo,KINIHIRA,Rebero,Rugundu
Amajyaruguru,Rulindo,KINIHIRA,Rebero,Taba
Amajyaruguru,Rulindo,KISARO,Kamushenyi,Songa
Amajyaruguru,Rulindo,KISARO,Kamushenyi,Wamahoro
Amajyaruguru,Rulindo,KISARO,Kigarama,Gaseke
Amajyaruguru,Rulindo,KISARO,Kigarama,Gasharu
Amajyaruguru,Rulindo,KISARO,Kigarama,Nyantabo
Amajyaruguru,Rulindo,KISARO,Kigarama,Runyinya
Amajyaruguru,Rulindo,KISARO,Kigarama,Rwintare
Amajyaruguru,Rulindo,KISARO,Mubuga,Gako
Amajyaruguru,Rulindo,KISARO,Mubuga,Kibuye
Amajyaruguru,Rulindo,KISARO,Mubuga,Kirenge
Amajyaruguru,Rulindo,KISARO,Mubuga,Murambi
Amajyaruguru,Rulindo,KISARO,Mubuga,Nyakarekare
Amajyaruguru,Rulindo,KISARO,Mubuga,Rutabo
Amajyaruguru,Rulindo,KISARO,Murama,Akamanama
Amajyaruguru,Rulindo,KISARO,Murama,Gishinge
Amajyaruguru,Rulindo,KISARO,Murama,Karambi
Amajyaruguru,Rulindo,KISARO,Murama,Kibingwe
Amajyaruguru,Rulindo,KISARO,Murama,Mugomero
Amajyaruguru,Rulindo,KISARO,Murama,Ryarubuguza
Amajyaruguru,Rulindo,KISARO,Sayo,Cyasuri
Amajyaruguru,Rulindo,KISARO,Sayo,Kibanda
Amajyaruguru,Rulindo,KISARO,Sayo,Nyamiyaga
Amajyaruguru,Rulindo,KISARO,Sayo,Rugarama
Amajyaruguru,Rulindo,KISARO,Sayo,Rusongati
Amajyaruguru,Rulindo,KISARO,Sayo,Rusumo
Amajyaruguru,Rulindo,KISARO,Gitatsa,Kabere
Amajyaruguru,Rulindo,KISARO,Gitatsa,Ndago
Amajyaruguru,Rulindo,KISARO,Gitatsa,Ruberano
Amajyaruguru,Rulindo,KISARO,Gitatsa,Rwili
Amajyaruguru,Rulindo,KISARO,Kamushenyi,Gakenke
Amajyaruguru,Rulindo,KISARO,Kamushenyi,Gatete
Amajyaruguru,Rulindo,KISARO,Kamushenyi,Gatovu
Amajyaruguru,Rulindo,KISARO,Kamushenyi,Kabeza
Amajyaruguru,Rulindo,KISARO,Kamushenyi,Karambi
Amajyaruguru,Rulindo,MASORO,Shengampuli,Umutagata
Amajyaruguru,Rulindo,MASORO,Kabuga,Gisiza
Amajyaruguru,Rulindo,MASORO,Kabuga,Kanunga
Amajyaruguru,Rulindo,MASORO,Kabuga,Karambi
Amajyaruguru,Rulindo,MASORO,Kabuga,Kigarama
Amajyaruguru,Rulindo,MASORO,Kabuga,Nyakibande
Amajyaruguru,Rulindo,MASORO,Kabuga,Nyakizu
Amajyaruguru,Rulindo,MASORO,Kabuga,Rubaya
Amajyaruguru,Rulindo,MASORO,Kigarama,Gacyamo
Amajyaruguru,Rulindo,MASORO,Kigarama,Marenge
Amajyaruguru,Rulindo,MASORO,Kigarama,Nyakabungo
Amajyaruguru,Rulindo,MASORO,Kigarama,Rukurazo
Amajyaruguru,Rulindo,MASORO,Kivugiza,Gasenga
Amajyaruguru,Rulindo,MASORO,Kivugiza,Musega
Amajyaruguru,Rulindo,MASORO,Kivugiza,Nyarurembo
Amajyaruguru,Rulindo,MASORO,Kivugiza,Rebero
Amajyaruguru,Rulindo,MASORO,Nyamyumba,Kabeza
Amajyaruguru,Rulindo,MASORO,Nyamyumba,Kabuga
Amajyaruguru,Rulindo,MASORO,Nyamyumba,Kigomwa
Amajyaruguru,Rulindo,MASORO,Nyamyumba,Marembo
Amajyaruguru,Rulindo,MASORO,Nyamyumba,Rusenyi
Amajyaruguru,Rulindo,MASORO,Shengampuli,Agasharu
Amajyaruguru,Rulindo,MASORO,Shengampuli,Amataba
Amajyaruguru,Rulindo,MASORO,Shengampuli,Nyabinyana
Amajyaruguru,Rulindo,MASORO,Shengampuli,Rusine
Amajyaruguru,Rulindo,MASORO,Shengampuli,Umubuga
Amajyaruguru,Rulindo,MBOGO,Bukoro,Buhira
Amajyaruguru,Rulindo,MBOGO,Bukoro,Bukoro
Amajyaruguru,Rulindo,MBOGO,Bukoro,Gasama
Amajyaruguru,Rulindo,MBOGO,Bukoro,Gihonga
Amajyaruguru,Rulindo,MBOGO,Bukoro,Kalindi
Amajyaruguru,Rulindo,MBOGO,Bukoro,Kibamba
Amajyaruguru,Rulindo,MBOGO,Bukoro,Kibaya
Amajyaruguru,Rulindo,MBOGO,Bukoro,Kinini Ya Mbogo
Amajyaruguru,Rulindo,MBOGO,Bukoro,Ruhanya
Amajyaruguru,Rulindo,MBOGO,Bukoro,Rwambogo
Amajyaruguru,Rulindo,MBOGO,Mushari,Bukongi
Amajyaruguru,Rulindo,MBOGO,Mushari,Buraro
Amajyaruguru,Rulindo,MBOGO,Mushari,Buyanja
Amajyaruguru,Rulindo,MBOGO,Mushari,Gitaba
Amajyaruguru,Rulindo,MBOGO,Mushari,Nkurura
Amajyaruguru,Rulindo,MBOGO,Mushari,Nyakabuye
Amajyaruguru,Rulindo,MBOGO,Mushari,Rwambogo
Amajyaruguru,Rulindo,MBOGO,Ngiramazi,Gasovu
Amajyaruguru,Rulindo,MBOGO,Ngiramazi,Gikombe
Amajyaruguru,Rulindo,MBOGO,Ngiramazi,Yaramba
Amajyaruguru,Rulindo,MBOGO,Ngiramazi,Kibungo
Amajyaruguru,Rulindo,MBOGO,Ngiramazi,Muhora
Amajyaruguru,Rulindo,MBOGO,Ngiramazi,Nyakabembe
Amajyaruguru,Rulindo,MBOGO,Ngiramazi,Gisha
Amajyaruguru,Rulindo,MBOGO,Rurenge,Gakoma
Amajyaruguru,Rulindo,MBOGO,Rurenge,Gicumbi
Amajyaruguru,Rulindo,MBOGO,Rurenge,Gitaba
Amajyaruguru,Rulindo,MBOGO,Rurenge,Karehe
Amajyaruguru,Rulindo,MBOGO,Rurenge,Munini
Amajyaruguru,Rulindo,MBOGO,Rurenge,Ruhondo
Amajyaruguru,Rulindo,MBOGO,Rurenge,Rurenge
Amajyaruguru,Rulindo,MBOGO,Rurenge,Rutonde
Amajyaruguru,Rulindo,MURAMBI,Mugambazi,Gahama
Amajyaruguru,Rulindo,MURAMBI,Mugambazi,Gashinge
Amajyaruguru,Rulindo,MURAMBI,Mugambazi,Kigarama
Amajyaruguru,Rulindo,MURAMBI,Mugambazi,Nyarurembo
Amajyaruguru,Rulindo,MURAMBI,Mugambazi,Ruri
Amajyaruguru,Rulindo,MURAMBI,Mvuzo,Iraro
Amajyaruguru,Rulindo,MURAMBI,Mvuzo,Kabeza
Amajyaruguru,Rulindo,MURAMBI,Mvuzo,Kabuga
Amajyaruguru,Rulindo,MURAMBI,Mvuzo,Munyinya
Amajyaruguru,Rulindo,MURAMBI,Mvuzo,Mutabo
Amajyaruguru,Rulindo,MURAMBI,Mvuzo,Ntyaba
Amajyaruguru,Rulindo,MURAMBI,Mvuzo,Rurama
Amajyaruguru,Rulindo,MURAMBI,Bubangu,Gashubi
Amajyaruguru,Rulindo,MURAMBI,Bubangu,Karambo
Amajyaruguru,Rulindo,MURAMBI,Bubangu,Karwa
Amajyaruguru,Rulindo,MURAMBI,Bubangu,Mayange
Amajyaruguru,Rulindo,MURAMBI,Bubangu,Nyagisozi
Amajyaruguru,Rulindo,MURAMBI,Bubangu,Rebero
Amajyaruguru,Rulindo,Murambi,Bubangu,Ruhunga
Amajyaruguru,Rulindo,Murambi,Bubangu,Taba
Amajyaruguru,Rulindo,MURAMBI,Gatwa,Agatare
Amajyaruguru,Rulindo,MURAMBI,Gatwa,Akarambi
Amajyaruguru,Rulindo,MURAMBI,Gatwa,Amataba
Amajyaruguru,Rulindo,MURAMBI,Gatwa,Gisiza
Amajyaruguru,Rulindo,MURAMBI,Gatwa,Kabeza
Amajyaruguru,Rulindo,MURAMBI,Gatwa,Karambo
Amajyaruguru,Rulindo,MURAMBI,Gatwa,Kigarama
Amajyaruguru,Rulindo,MURAMBI,Mugambazi,Amahoro
Amajyaruguru,Rulindo,MURAMBI,Mugambazi,Buliza
Amajyaruguru,Rulindo,NGOMA,Kabuga,Gatete
Amajyaruguru,Rulindo,NGOMA,Kabuga,Kagarama
Amajyaruguru,Rulindo,NGOMA,Kabuga,Kirambo
Amajyaruguru,Rulindo,NGOMA,Kabuga,Kiruli
Amajyaruguru,Rulindo,NGOMA,Kabuga,Nyabuko
Amajyaruguru,Rulindo,NGOMA,Kabuga,Rubona
Amajyaruguru,Rulindo,NGOMA,Karambo,Butare
Amajyaruguru,Rulindo,NGOMA,Karambo,Jyambere
Amajyaruguru,Rulindo,NGOMA,Karambo,Kagwa
Amajyaruguru,Rulindo,NGOMA,Karambo,Karambi
Amajyaruguru,Rulindo,NGOMA,Karambo,Marebe
Amajyaruguru,Rulindo,NGOMA,Karambo,Nyakagezi
Amajyaruguru,Rulindo,NGOMA,Mugote,Cyabasigi
Amajyaruguru,Rulindo,NGOMA,Mugote,Kiboha
Amajyaruguru,Rulindo,NGOMA,Mugote,Kigina
Amajyaruguru,Rulindo,NGOMA,Mugote,Mwishya
Amajyaruguru,Rulindo,NGOMA,Mugote,Nyakibyeyi
Amajyaruguru,Rulindo,NGOMA,Mugote,Riryi
Amajyaruguru,Rulindo,NGOMA,Mugote,Rukoma
Amajyaruguru,Rulindo,NGOMA,Mugote,Sakara
Amajyaruguru,Rulindo,NGOMA,Munyarwanda,Busizi
Amajyaruguru,Rulindo,NGOMA,Munyarwanda,Gaseke
Amajyaruguru,Rulindo,NGOMA,Munyarwanda,Kirungu
Amajyaruguru,Rulindo,NGOMA,Munyarwanda,Muyange
Amajyaruguru,Rulindo,NGOMA,Munyarwanda,Ngaru
Amajyaruguru,Rulindo,NGOMA,Munyarwanda,Nyaruvumu
Amajyaruguru,Rulindo,NGOMA,Munyarwanda,Rushayu
Amajyaruguru,Rulindo,NGOMA,Munyarwanda,Rushubi
Amajyaruguru,Rulindo,NTARABANA,Kiyanza,Kivubwe
Amajyaruguru,Rulindo,NTARABANA,Kiyanza,Kiyanza I
Amajyaruguru,Rulindo,NTARABANA,Kiyanza,Nombe
Amajyaruguru,Rulindo,NTARABANA,Kiyanza,Nyagisozi
Amajyaruguru,Rulindo,NTARABANA,Kiyanza,Nyamurema
Amajyaruguru,Rulindo,NTARABANA,Kiyanza,Nyarurama
Amajyaruguru,Rulindo,NTARABANA,Mahaza,Burambi
Amajyaruguru,Rulindo,NTARABANA,Mahaza,Gitwa
Amajyaruguru,Rulindo,NTARABANA,Mahaza,Kamuhororo
Amajyaruguru,Rulindo,NTARABANA,Mahaza,Karera
Amajyaruguru,Rulindo,NTARABANA,Mahaza,Kayenzi
Amajyaruguru,Rulindo,NTARABANA,Mahaza,Kibeho
Amajyaruguru,Rulindo,NTARABANA,Mahaza,Rusekabuye
Amajyaruguru,Rulindo,NTARABANA,Kajevuba,Bikamba
Amajyaruguru,Rulindo,NTARABANA,Kajevuba,Cyamutara
Amajyaruguru,Rulindo,NTARABANA,Kajevuba,Gitambi
Amajyaruguru,Rulindo,NTARABANA,Kajevuba,Kazi
Amajyaruguru,Rulindo,NTARABANA,Kajevuba,Nyakambu
Amajyaruguru,Rulindo,NTARABANA,Kajevuba,Nyarubuye
Amajyaruguru,Rulindo,NTARABANA,Kajevuba,Rukore
Amajyaruguru,Rulindo,NTARABANA,Kajevuba,Rusasa
Amajyaruguru,Rulindo,NTARABANA,Kiyanza,Gatobotobo
Amajyaruguru,Rulindo,NTARABANA,Kiyanza,Kabirizi
Amajyaruguru,Rulindo,RUKOZO,Buraro,Kabgayi
Amajyaruguru,Rulindo,RUKOZO,Buraro,Kabingo
Amajyaruguru,Rulindo,RUKOZO,Buraro,Kamiyove
Amajyaruguru,Rulindo,RUKOZO,Buraro,Kivomo
Amajyaruguru,Rulindo,RUKOZO,Buraro,Murwa
Amajyaruguru,Rulindo,RUKOZO,Buraro,Nyenyeri
Amajyaruguru,Rulindo,RUKOZO,Buraro,Rukingu
Amajyaruguru,Rulindo,RUKOZO,Buraro,Shyondwe
Amajyaruguru,Rulindo,RUKOZO,Bwimo,Bushyana
Amajyaruguru,Rulindo,RUKOZO,Bwimo,Gatiba
Amajyaruguru,Rulindo,RUKOZO,Bwimo,Gatwa
Amajyaruguru,Rulindo,RUKOZO,Bwimo,Kadendegeri
Amajyaruguru,Rulindo,RUKOZO,Bwimo,Kavumo
Amajyaruguru,Rulindo,RUKOZO,Bwimo,Mwana
Amajyaruguru,Rulindo,RUKOZO,Mberuka,Gahwazi
Amajyaruguru,Rulindo,RUKOZO,Mberuka,Gakubo
Amajyaruguru,Rulindo,RUKOZO,Mberuka,Kabera
Amajyaruguru,Rulindo,RUKOZO,Mberuka,Mataba
Amajyaruguru,Rulindo,RUKOZO,Mberuka,Mutungo
Amajyaruguru,Rulindo,RUKOZO,Mbuye,Kibare
Amajyaruguru,Rulindo,RUKOZO,Mbuye,Mujebe
Amajyaruguru,Rulindo,RUKOZO,Mbuye,Musave
Amajyaruguru,Rulindo,RUKOZO,Mbuye,Nyarusebeya
Amajyaruguru,Rulindo,RUKOZO,Mbuye,Ruhanga
Amajyaruguru,Rulindo,RUSIGA,Taba,Karambi
Amajyaruguru,Rulindo,RUSIGA,Taba,Karenge
Amajyaruguru,Rulindo,RUSIGA,Taba,Kingazi
Amajyaruguru,Rulindo,RUSIGA,Taba,Nyakarama
Amajyaruguru,Rulindo,RUSIGA,Gako,Gifumba
Amajyaruguru,Rulindo,RUSIGA,Gako,Kabunigu
Amajyaruguru,Rulindo,RUSIGA,Gako,Kabuye
Amajyaruguru,Rulindo,RUSIGA,Gako,Nkanga
Amajyaruguru,Rulindo,RUSIGA,Gako,Ntakara
Amajyaruguru,Rulindo,RUSIGA,Gako,Rwintare
Amajyaruguru,Rulindo,RUSIGA,Kirenge,Kigarama
Amajyaruguru,Rulindo,RUSIGA,Kirenge,Kinini-rusiga
Amajyaruguru,Rulindo,RUSIGA,Kirenge,Ntaruka
Amajyaruguru,Rulindo,RUSIGA,Kirenge,Rebero
Amajyaruguru,Rulindo,RUSIGA,Taba,Bitare
Amajyaruguru,Rulindo,RUSIGA,Taba,Gahondo
Amajyaruguru,Rulindo,SHYORONGI,Bugaragara,Gatimba
Amajyaruguru,Rulindo,SHYORONGI,Bugaragara,Gatwa
Amajyaruguru,Rulindo,SHYORONGI,Bugaragara,Gisiza
Amajyaruguru,Rulindo,SHYORONGI,Bugaragara,Kabaraza
Amajyaruguru,Rulindo,SHYORONGI,Bugaragara,Kigarama
Amajyaruguru,Rulindo,SHYORONGI,Bugaragara,Kiziranyenzi
Amajyaruguru,Rulindo,SHYORONGI,Bugaragara,Nyakaruri
Amajyaruguru,Rulindo,SHYORONGI,Bugaragara,Nyarushinya
Amajyaruguru,Rulindo,SHYORONGI,Kijabagwe,Gaseke
Amajyaruguru,Rulindo,SHYORONGI,Kijabagwe,Kabagabaga
Amajyaruguru,Rulindo,SHYORONGI,Kijabagwe,Kabakene
Amajyaruguru,Rulindo,SHYORONGI,Kijabagwe,Nyamugari
Amajyaruguru,Rulindo,SHYORONGI,Kijabagwe,Rimwe
Amajyaruguru,Rulindo,SHYORONGI,Kijabagwe,Rugendabari
Amajyaruguru,Rulindo,SHYORONGI,Muvumu,Cyikera
Amajyaruguru,Rulindo,SHYORONGI,Muvumu,Kagunda
Amajyaruguru,Rulindo,SHYORONGI,Muvumu,Karama
Amajyaruguru,Rulindo,SHYORONGI,Muvumu,Kavoma
Amajyaruguru,Rulindo,SHYORONGI,Muvumu,Kirurumo
Amajyaruguru,Rulindo,SHYORONGI,Muvumu,Kivili
Amajyaruguru,Rulindo,SHYORONGI,Muvumu,Mukumba
Amajyaruguru,Rulindo,SHYORONGI,Muvumu,Muvumu
Amajyaruguru,Rulindo,SHYORONGI,Muvumu,Nyabubare
Amajyaruguru,Rulindo,SHYORONGI,Muvumu,Ruhanga
Amajyaruguru,Rulindo,SHYORONGI,Rubona,Bwimo
Amajyaruguru,Rulindo,SHYORONGI,Rubona,Gishyita
Amajyaruguru,Rulindo,SHYORONGI,Rubona,Kigali
Amajyaruguru,Rulindo,SHYORONGI,Rubona,Ngona
Amajyaruguru,Rulindo,SHYORONGI,Rubona,Nyabitare
Amajyaruguru,Rulindo,SHYORONGI,Rubona,Nyarunyinya
Amajyaruguru,Rulindo,SHYORONGI,Rubona,Nyarusange
Amajyaruguru,Rulindo,SHYORONGI,Rubona,Rwahi
Amajyaruguru,Rulindo,SHYORONGI,Rutonde,Bugarura
Amajyaruguru,Rulindo,SHYORONGI,Rutonde,Mwagiro
Amajyaruguru,Rulindo,SHYORONGI,Rutonde,Ngendo
Amajyaruguru,Rulindo,SHYORONGI,Rutonde,Nyabisindu
Amajyaruguru,Rulindo,SHYORONGI,Rutonde,Nyabyondo
Amajyaruguru,Rulindo,SHYORONGI,Rutonde,Nyamirembe
Amajyaruguru,Rulindo,SHYORONGI,Rutonde,Rutonde
Amajyaruguru,Rulindo,SHYORONGI,Rutonde,Rweya
Amajyaruguru,Rulindo,TUMBA,Gahabwa,Kagusa
Amajyaruguru,Rulindo,TUMBA,Gahabwa,Mafene
Amajyaruguru,Rulindo,TUMBA,Gahabwa,Munyinya
Amajyaruguru,Rulindo,TUMBA,Gahabwa,Rushaki
Amajyaruguru,Rulindo,TUMBA,Misezero,Kanaba
Amajyaruguru,Rulindo,TUMBA,Misezero,Karambi
Amajyaruguru,Rulindo,TUMBA,Misezero,Kavumu
Amajyaruguru,Rulindo,TUMBA,Misezero,Marembo
Amajyaruguru,Rulindo,TUMBA,Misezero,Misezero
Amajyaruguru,Rulindo,TUMBA,Misezero,Rurambo
Amajyaruguru,Rulindo,TUMBA,Misezero,Taba
Amajyaruguru,Rulindo,TUMBA,Nyirabirori,Bukinga
Amajyaruguru,Rulindo,TUMBA,Nyirabirori,Gatare
Amajyaruguru,Rulindo,TUMBA,Nyirabirori,Gatsinde
Amajyaruguru,Rulindo,TUMBA,Nyirabirori,Gihanga
Amajyaruguru,Rulindo,TUMBA,Nyirabirori,Murambi
Amajyaruguru,Rulindo,TUMBA,Nyirabirori,Rugando
Amajyaruguru,Rulindo,TUMBA,Nyirabirori,Rusura
Amajyaruguru,Rulindo,TUMBA,Taba,Kamuragi
Amajyaruguru,Rulindo,TUMBA,Taba,Mwili
Amajyaruguru,Rulindo,TUMBA,Taba,Nkinda
Amajyaruguru,Rulindo,TUMBA,Taba,Nyirambuga
Amajyaruguru,Rulindo,TUMBA,Taba,Nyirataba
Amajyaruguru,Rulindo,TUMBA,Taba,Ruvumba
Amajyaruguru,Rulindo,TUMBA,Barari,Gaseke
Amajyaruguru,Rulindo,TUMBA,Barari,Gashoro
Amajyaruguru,Rulindo,TUMBA,Barari,Karambi
Amajyaruguru,Rulindo,TUMBA,Barari,Kigarama
Amajyaruguru,Rulindo,TUMBA,Barari,Rukore
Amajyaruguru,Rulindo,TUMBA,Gahabwa,Kabuga
